Current Coach,Team,Since,Join Team
Brette Tanner,Abilene Christian Wildcats,202122,Abilene Christian
Jon Jordan (interim),Air Force Falcons,202526,Air Force
John Groce,Akron Zips,201718,Akron
Nate Oats,Alabama Crimson Tide,201920,Alabama
Donte Jackson,Alabama A&M Bulldogs,202526,Alabama A&M
Tony Madlock,Alabama State Hornets,202223,Alabama State
Dwayne Killings,Albany Great Danes,202122,UAlbany
Jake Morton,Alcorn State Braves,202526,Alcorn State
Duane Simpkins,American Eagles,202324,American University
Dustin Kerns,Appalachian State Mountaineers,201920,App State
Tommy Lloyd,Arizona Wildcats,202122,Arizona
Bobby Hurley,Arizona State Sun Devils,201516,Arizona State
John Calipari,Arkansas Razorbacks,202425,Arkansas
Solomon Bozeman,ArkansasPine Bluff Golden Lions,202122,Arkansas-Pine Bluff
Ryan Pannone,Arkansas State Red Wolves,202526,Arkansas State
Kevin Kuwik,Army Black Knights,202324,Army
Steven Pearl,Auburn Tigers,202526,Auburn
Corey Gipson,Austin Peay Governors,202324,Austin Peay
Michael Lewis,Ball State Cardinals,202223,Ball State
Scott Drew,Baylor Bears,200304,Baylor
Doug Davenport,Bellarmine Knights,202526,Bellarmine
Casey Alexander,Belmont Bruins,201920,Belmont
Reggie Theus,Bethune-Cookman Wildcats,202122,Bethune-Cookman
Levell Sanders,Binghamton Bearcats,202122,Binghamton
Leon Rice,Boise State Broncos,201011,Boise State
Earl Grant,Boston College Eagles,202122,Boston College
Joe Jones,Boston University Terriers,201112,Boston University
Todd Simon,Bowling Green Falcons,202324,Bowling Green
Brian Wardle,Bradley Braves,201516,Bradley
Mike Martin,Brown Bears,201213,Brown
Jamion Christian,Bryant Bulldogs,202526,Bryant
John Griffin III,Bucknell Bison,202324,Bucknell
George Halcovage,Buffalo Bulls,202324,Buffalo
Thad Matta,Butler Bulldogs,202223,Butler
Kevin Young,BYU Cougars,202425,BYU
Mike DeGeorge,Cal Poly Mustangs,202425,Cal Poly
Mike Scott (interim),Cal State Bakersfield Roadrunners,202526,Cal State Bakersfield
Dedrique Taylor,Cal State Fullerton Titans,201314,Cal State Fullerton
Andy Newman,Cal State Northridge Matadors,202324,Cal State Northridge
Mark Madsen,California Golden Bears,202324,California
Rick Croy,California Baptist Lancers,201314,California Baptist
John Andrzejek,Campbell Fighting Camels,202526,Campbell
Jim Christian,Canisius Golden Griffins,202425,Canisius
John Shulman,Central Arkansas Bears,202425,Central Arkansas
Patrick Sellers,Central Connecticut Blue Devils,202122,Central Connecticut
Andy Bronkema,Central Michigan Chippewas,202526,Central Michigan
Chris Mack,Charleston Cougars,202425,Charleston
Saah Nimley,Charleston Southern Buccaneers,202324,Charleston Southern
Aaron Fearne,Charlotte 49ers,202324,Charlotte
Dan Earl,Chattanooga Mocs,202223,Chattanooga
Landon Bussie,Chicago State Cougars,202526,Chicago State
Wes Miller,Cincinnati Bearcats,202122,Cincinnati
Ed Conroy,The Citadel Bulldogs,202223,The Citadel
Brad Brownell,Clemson Tigers,201011,Clemson
Rob Summers,Cleveland State Vikings,202526,Cleveland State
Justin Gray,Coastal Carolina Chanticleers,202425,Coastal Carolina
Matt Langel,Colgate Raiders,201112,Colgate
Tad Boyle,Colorado Buffaloes,201011,Colorado
Ali Farokhmanesh,Colorado State Rams,202526,Colorado State
Kevin Hovde,Columbia Lions,202526,Columbia
Larry Stewart,Coppin State Eagles,202324,Coppin State
Jon Jaques,Cornell Big Red,202425,Cornell
Greg McDermott,Creighton Bluejays,201011,Creighton
David McLaughlin,Dartmouth Big Green,201617,Dartmouth
Matt McKillop,Davidson Wildcats,202223,Davidson
Anthony Grant,Dayton Flyers,201718,Dayton
Martin Ingelsby,Delaware Fightin' Blue Hens,201617,Delaware
Stan Waterman,Delaware State Hornets,202122,Delaware State
Tim Bergstraser,Denver Pioneers,202526,Denver
Chris Holtmann,DePaul Blue Demons,202425,DePaul
Mark Montgomery,Detroit Mercy Titans,202425,Detroit Mercy
Eric Henderson,Drake Bulldogs,202526,Drake
Zach Spiker,Drexel Dragons,201617,Drexel
Jon Scheyer,Duke Blue Devils,202223,Duke
Dru Joyce III,Duquesne Dukes,202425,Duquesne
Michael Schwartz,East Carolina Pirates,202223,East Carolina
Brooks Savage,East Tennessee State Buccaneers,202324,East Tennessee State
Jaret von Rosenberg,East Texas A&M Lions,201718,East Texas A&M
Marty Simmons,Eastern Illinois Panthers,202122,Eastern Illinois
A. W. Hamilton,Eastern Kentucky Colonels,201819,Eastern Kentucky
Stan Heath,Eastern Michigan Eagles,202122,Eastern Michigan
Dan Monson,Eastern Washington Eagles,202425,Eastern Washington
Billy Taylor,Elon Phoenix,202223,Elon
David Ragland,Evansville Purple Aces,202223,Evansville
Chris Casey,Fairfield Stags,202324,Fairfield
Jack Castleberry,Fairleigh Dickinson Knights,202324,Fairleigh Dickinson
Jeremy Ballard,FIU Panthers,201819,Florida International
Todd Golden,Florida Gators,202223,Florida
Charlie Ward,Florida A&M Rattlers,202526,Florida A&M
John Jakus,Florida Atlantic Owls,202425,Florida Atlantic
Pat Chambers,Florida Gulf Coast Eagles,202223,Florida Gulf Coast
Luke Loucks,Florida State Seminoles,202526,Florida State
Mike Magpayo,Fordham Rams,202526,Fordham
Vance Walberg,Fresno State Bulldogs,202425,Fresno State
Bob Richey,Furman Paladins,201718,Furman
Jeremy Luther,GardnerWebb Runnin' Bulldogs,202425,Gardner-Webb
Tony Skinn,George Mason Patriots,202324,George Mason
Chris Caputo,George Washington Revolutionaries,202223,George Washington
Ed Cooley,Georgetown Hoyas,202324,Georgetown
Mike White,Georgia Bulldogs,202223,Georgia
Charlie Henry,Georgia Southern Eagles,202324,Georgia Southern
Jonas Hayes,Georgia State Panthers,202223,Georgia State
Damon Stoudamire,Georgia Tech Yellow Jackets,202324,Georgia Tech
Mark Few,Gonzaga Bulldogs,19992000,Gonzaga
Patrick Crarey II,Grambling State Tigers,202526,Grambling
Bryce Drew,Grand Canyon Antelopes,202021,Grand Canyon
Doug Gottlieb,Green Bay Phoenix,202425,Green Bay
Ivan Thomas,Hampton Pirates,202425,Hampton
Tommy Amaker,Harvard Crimson,200708,Harvard
Eran Ganot,Hawaii Rainbow Warriors,201516,Hawaii
Flynn Clayman,High Point Panthers,202526,High Point
Speedy Claxton,Hofstra Pride,202122,Hofstra
Dave Paulsen,Holy Cross Crusaders,202324,Holy Cross
Kelvin Sampson,Houston Cougars,201415,Houston
Craig Doty,Houston Christian Huskies,202425,Houston Christian
Kenny Blakeney,Howard Bison,201920,Howard
Alex Pribble,Idaho Vandals,202324,Idaho
Ryan Looney,Idaho State Bengals,201920,Idaho State
Brad Underwood,Illinois Fighting Illini,201718,Illinois
Ryan Pedon,Illinois State Redbirds,202223,Illinois State
Shane Heirman,Incarnate Word Cardinals,202324,Incarnate Word
Darian DeVries,Indiana Hoosiers,202526,Indiana
Matthew Graves,Indiana State Sycamores,202425,Indiana State
Dan Geriot,Iona Gaels,202526,Iona
Ben McCollum,Iowa Hawkeyes,202526,Iowa
T. J. Otzelberger,Iowa State Cyclones,202122,Iowa State
Ben Howlett,IU Indy Jaguars,202526,IU Indianapolis
Mo Williams,Jackson State Tigers,202223,Jackson State
Jordan Mincy,Jacksonville Dolphins,202122,Jacksonville
Ray Harper,Jacksonville State Gamecocks,201617,Jacksonville State
Preston Spradlin,James Madison Dukes,202425,James Madison
Bill Self,Kansas Jayhawks,200304,Kansas
Marvin Menzies,Kansas City Roos,202223,Kansas City
Matthew Driscoll (interim),Kansas State Wildcats,202526,Kansas State
Antoine Pettway,Kennesaw State Owls,202324,Kennesaw State
Rob Senderoff,Kent State Golden Flashes,201112,Kent State
Mark Pope,Kentucky Wildcats,202425,Kentucky
Darris Nichols,La Salle Explorers,202526,La Salle
Mike McGarvey,Lafayette Leopards,202223,Lafayette
Alvin Brooks,Lamar Cardinals,202122,Lamar
Nate Champion,Le Moyne Dolphins,201920,Le Moyne
Brett Reed,Lehigh Mountain Hawks,200708,Lehigh
Ritchie McKay,Liberty Flames,201516,Liberty
Kyle Gerdeman,Lindenwood Lions,201920,Lindenwood
Kevin Carroll,Lipscomb Bisons,202526,Lipscomb
Darrell Walker,Little Rock Trojans,201819,Little Rock
Rod Strickland,LIU Sharks,202223,Long Island University
Chris Acker,Long Beach State Beach,202425,Long Beach State
Ronnie Thomas,Longwood Lancers,202526,Longwood
Quannas White,Louisiana Ragin' Cajuns,202526,Louisiana
Phil Cunningham,LouisianaMonroe Warhawks,202526,UL Monroe
Talvin Hester,Louisiana Tech Bulldogs,202223,Louisiana Tech
Pat Kelsey,Louisville Cardinals,202425,Louisville
Drew Valentine,Loyola Chicago Ramblers,202122,Loyola Chicago
Josh Loeffler,Loyola (Maryland) Greyhounds,202425,Loyola Maryland
Stan Johnson,Loyola Marymount Lions,202021,Loyola Marymount
Matt McMahon,LSU Tigers,202223,LSU
Chris Markwood,Maine Black Bears,202223,Maine
John Gallagher,Manhattan Jaspers,202324,Manhattan
John Dunne,Marist Red Foxes,201819,Marist
Shaka Smart,Marquette Golden Eagles,202122,Marquette
Cornelius Jackson,Marshall Thundering Herd,202425,Marshall
Buzz Williams,Maryland Terrapins,202526,Maryland
Cleo Hill Jr.,Maryland Eastern Shore Hawks,202425,Maryland Eastern Shore
Bill Armstrong,McNeese Cowboys,202526,McNeese
Penny Hardaway,Memphis Tigers,201819,Memphis
Ryan Ridder,Mercer Bears,202425,Mercer
Gary Manchel,Mercyhurst Lakers,200304,Mercyhurst
Joe Gallo,Merrimack Warriors,201617,Merrimack
Jai Lucas,Miami Hurricanes,202526,Miami
Travis Steele,Miami RedHawks,202223,Miami (OH)
Dusty May,Michigan Wolverines,202425,Michigan
Tom Izzo,Michigan State Spartans,199596,Michigan State
Nick McDevitt,Middle Tennessee Blue Raiders,201819,Middle Tennessee
Bart Lundy,Milwaukee Panthers,202223,Milwaukee
Niko Medved,Minnesota Golden Gophers,202526,Minnesota
Chris Jans,Mississippi State Bulldogs,202223,Mississippi State
George Ivory,Mississippi Valley State Delta Devils,202223,Mississippi Valley State
Dennis Gates,Missouri Tigers,202223,Missouri
Cuonzo Martin,Missouri State Bears,202425,Missouri State
King Rice,Monmouth Hawks,201112,Monmouth
Travis DeCuire,Montana Grizzlies,201415,Montana
Matt Logie,Montana State Bobcats,202324,Montana State
Jonathan Mattox,Morehead State Eagles,202425,Morehead State
Kevin Broadus,Morgan State Bears,201920,Morgan State
Donny Lind,Mount St. Mary's Mountaineers,202425,Mount St. Mary's
Ryan Miller,Murray State Racers,202526,Murray State
Jon Perry,Navy Midshipmen,202526,Navy
Will Wade,NC State Wolfpack,202526,NC State
Fred Hoiberg,Nebraska Cornhuskers,201920,Nebraska
Steve Alford,Nevada Wolf Pack,201920,Nevada
Nathan Davis,New Hampshire Wildcats,202324,New Hampshire
Ted Hotaling,New Haven Chargers,201011,New Haven
Eric Olen,New Mexico Lobos,202526,New Mexico
Jason Hooten,New Mexico State Aggies,202324,New Mexico State
Stacy Hollowell,New Orleans Privateers,202425,New Orleans
Greg Paulus,Niagara Purple Eagles,201920,Niagara
Tevon Saddler,Nicholls Colonels,202324,Nicholls
Grant Billmeier,NJIT Highlanders,202324,NJIT
Robert Jones,Norfolk State Spartans,201314,Norfolk State
Tony Pujol,North Alabama Lions,201819,North Alabama
Hubert Davis,North Carolina Tar Heels,202122,North Carolina
Monté Ross,North Carolina A&T Aggies,202324,North Carolina A&T
LeVelle Moton,North Carolina Central Eagles,200910,North Carolina Central
Paul Sather,North Dakota Fighting Hawks,201920,North Dakota
David Richman,North Dakota State Bison,201415,North Dakota State
Bobby Kennen (interim),North Florida Ospreys,202526,North Florida
Daniyal Robinson,North Texas Mean Green,202526,North Texas
Bill Coen,Northeastern Huskies,200607,Northeastern
Shane Burcar,Northern Arizona Lumberjacks,201920,Northern Arizona
Steve Smiley,Northern Colorado Bears,202021,Northern Colorado
Rashon Burno,Northern Illinois Huskies,202122,Northern Illinois
Ben Jacobson,Northern Iowa Panthers,200607,Northern Iowa
Darrin Horn,Northern Kentucky Norse,201920,Northern Kentucky
Chris Collins,Northwestern Wildcats,201314,Northwestern
Rick Cabrera,Northwestern State Demons,202324,Northwestern State
Micah Shrewsberry,Notre Dame Fighting Irish,202324,Notre Dame
Greg Kampe,Oakland Golden Grizzlies,198485,Oakland
Jeff Boals,Ohio Bobcats,201920,Ohio
Jake Diebler,Ohio State Buckeyes,202425,Ohio State
Porter Moser,Oklahoma Sooners,202122,Oklahoma
Steve Lutz,Oklahoma State Cowboys,202425,Oklahoma State
Mike Jones,Old Dominion Monarchs,202425,Old Dominion
Chris Beard,Ole Miss Rebels,202324,Ole Miss
Chris Crutchfield,Omaha Mavericks,202223,Omaha
Kory Barnett,Oral Roberts Golden Eagles,202526,Oral Roberts
Dana Altman,Oregon Ducks,201011,Oregon
Wayne Tinkle,Oregon State Beavers,201415,Oregon State
Dave Smart,Pacific Tigers,202425,Pacific
Fran McCaffery,Penn Quakers,202526,Pennsylvania
Mike Rhoades,Penn State Nittany Lions,202324,Penn State
Ed Schilling,Pepperdine Waves,202425,Pepperdine
Jeff Capel III,Pittsburgh Panthers,201819,Pittsburgh
Shantay Legans,Portland Pilots,202122,Portland
Jase Coburn,Portland State Vikings,202122,Portland State
Byron Smith,Prairie View A&M Panthers,201516,Prairie View A&M
Quinton Ferrell,Presbyterian Blue Hose,201920,Presbyterian
Mitch Henderson,Princeton Tigers,201112,Princeton
Kim English,Providence Friars,202324,Providence
Matt Painter,Purdue Boilermakers,200506,Purdue
Jon Coffman,Purdue Fort Wayne Mastodons,201415,Purdue Fort Wayne
Grant Leonard,Queens Royals,202223,Queens University
Tom Pecora,Quinnipiac Bobcats,202324,Quinnipiac
Zach Chu,Radford Highlanders,202526,Radford
Archie Miller,Rhode Island Rams,202223,Rhode Island
Rob Lanier,Rice Owls,202425,Rice
Chris Mooney,Richmond Spiders,200506,Richmond
Kevin Baggett,Rider Broncs,201213,Rider
Andrew Toole,Robert Morris Colonials,201011,Robert Morris
Steve Pikiell,Rutgers Scarlet Knights,201617,Rutgers
Mike Bibby,Sacramento State Hornets,202526,Sacramento State
Anthony Latina,Sacred Heart Pioneers,201314,Sacred Heart
Mark Schmidt,St. Bonaventure Bonnies,200708,St. Bonaventure
Luke McConnell,Saint Francis Red Flash,202526,St. Francis (PA)
Rick Pitino,St. John's Red Storm,202324,St. John's
Steve Donahue,Saint Joseph's Hawks,202526,Saint Joseph's
Josh Schertz,Saint Louis Billikens,202425,Saint Louis
Randy Bennett,Saint Mary's Gaels,200102,Saint Mary's
Bashir Mason,Saint Peter's Peacocks,202223,Saint Peter's
John Tauer,St. Thomas Tommies,201112,St. Thomas-Minnesota
Chris Mudge,Sam Houston Bearkats,202324,Sam Houston
Lennie Acuff,Samford Bulldogs,202526,Samford
Steve Lavin,San Diego Toreros,202223,San Diego
Brian Dutcher,San Diego State Aztecs,201718,San Diego State
Chris Gerlufsen,San Francisco Dons,202223,San Francisco
Tim Miles,San Jose State Spartans,202122,San Jose State
Herb Sendek,Santa Clara Broncos,201617,Santa Clara
Chris Victor,Seattle Redhawks,202122,Seattle U
Shaheen Holloway,Seton Hall Pirates,202223,Seton Hall
Gerry McNamara,Siena Saints,202425,Siena
Brian Barone,SIU Edwardsville Cougars,201920,SIU Edwardsville
Andy Enfield,SMU Mustangs,202425,SMU
Richie Riley,South Alabama Jaguars,201819,South Alabama
Lamont Paris,South Carolina Gamecocks,202223,South Carolina
Erik Martin,South Carolina State Bulldogs,202223,South Carolina State
Marty Richter,South Carolina Upstate Spartans,202425,South Carolina Upstate
Eric Peterson,South Dakota Coyotes,202223,South Dakota
Bryan Petersen,South Dakota State Jackrabbits,202526,South Dakota State
Bryan Hodgson,South Florida Bulls,202526,South Florida
Brad Korn,Southeast Missouri Redhawks,202021,Southeast Missouri State
David Kiefer,Southeastern Louisiana Lions,201920,SE Louisiana
Kevin Johnson,Southern Jaguars,202324,Southern
Scott Nagy,Southern Illinois Salukis,202425,Southern Illinois
Stan Gouard,Southern Indiana Screaming Eagles,202021,Southern Indiana
Jay Ladner,Southern Miss Golden Eagles,201920,Southern Miss
Rob Jeter,Southern Utah Thunderbirds,202324,Southern Utah
Kyle Smith,Stanford Cardinal,202425,Stanford
Matt Braeuer,Stephen F. Austin Lumberjacks,202526,Stephen F. Austin
Donnie Jones,Stetson Hatters,201920,Stetson
Chris Kraus,Stonehill Skyhawks,201314,Stonehill
Geno Ford,Stony Brook Seawolves,201920,Stony Brook
Adrian Autry,Syracuse Orange,202324,Syracuse
Billy Gillispie,Tarleton Texans,202021,Tarleton State
Jamie Dixon,TCU Horned Frogs,201617,TCU
Adam Fisher,Temple Owls,202324,Temple
Rick Barnes,Tennessee Volunteers,201516,Tennessee
Nolan Smith,Tennessee State Tigers,202526,Tennessee State
John Pelphrey,Tennessee Tech Golden Eagles,201920,Tennessee Tech
Sean Miller,Texas Longhorns,202526,Texas
Bucky McMillan,Texas A&M Aggies,202526,Texas A&M
Jim Shaw,Texas A&MCorpus Christi Islanders,202324,Texas A&M-Corpus Christi
Johnny Jones,Texas Southern Tigers,201819,Texas Southern
Terrence Johnson,Texas State Bobcats,202021,Texas State
Grant McCasland,Texas Tech Red Raiders,202324,Texas Tech
Tod Kowalczyk,Toledo Rockets,201011,Toledo
Pat Skerry,Towson Tigers,201112,Towson
Scott Cross,Troy Trojans,201920,Troy
Ron Hunter,Tulane Green Wave,201920,Tulane
Eric Konkol,Tulsa Golden Hurricane,202223,Tulsa
Andy Kennedy,UAB Blazers,202021,UAB
Jim Les,UC Davis Aggies,201112,UC Davis
Russell Turner,UC Irvine Anteaters,201011,UC Irvine
Gus Argenal,UC Riverside Highlanders,202526,UC Riverside
Clint Allard,UC San Diego Tritons,202526,UC San Diego
Joe Pasternack,UC Santa Barbara Gauchos,201718,UC Santa Barbara
Johnny Dawkins,UCF Knights,201617,UCF
Mick Cronin,UCLA Bruins,201920,UCLA
Dan Hurley,UConn Huskies,201819,UConn
Robert Ehsan,UIC Flames,202425,UIC
Frank Martin,UMass Minutemen,202223,Massachusetts
Pat Duquette,UMass Lowell River Hawks,201314,UMass Lowell
Jim Ferry,UMBC Retrievers,202122,UMBC
Mike Morrell,UNC Asheville Bulldogs,201819,UNC Asheville
Mike Jones,UNC Greensboro Spartans,202122,UNC Greensboro
Takayo Siddle,UNC Wilmington Seahawks,202021,UNC Wilmington
Josh Pastner,UNLV Runnin' Rebels,202526,UNLV
Eric Musselman,USC Trojans,202425,USC
K. T. Turner,UT Arlington Mavericks,202324,UT Arlington
Jeremy Shulman,UT Martin Skyhawks,202425,UT Martin
Alex Jensen,Utah Utes,202526,Utah
Jerrod Calhoun,Utah State Aggies,202425,Utah State
Jon Judkins,Utah Tech Trailblazers,200506,Utah Tech
Todd Phillips,Utah Valley Wolverines,202324,Utah Valley
Joe Golding,UTEP Miners,202122,UTEP
Kahil Fennell,UTRGV Vaqueros,202425,UT Rio Grande Valley
Austin Claunch,UTSA Roadrunners,202425,UTSA
Roger Powell,Valparaiso Beacons,202324,Valparaiso
Mark Byington,Vanderbilt Commodores,202425,Vanderbilt
Phil Martelli Jr.,VCU Rams,202526,VCU
John Becker,Vermont Catamounts,201112,Vermont
Kevin Willard,Villanova Wildcats,202526,Villanova
Ryan Odom,Virginia Cavaliers,202526,Virginia
Mike Young,Virginia Tech Hokies,201920,Virginia Tech
Andrew Wilson,VMI Keydets,202223,VMI
Donald Copeland,Wagner Seahawks,202223,Wagner
Steve Forbes,Wake Forest Demon Deacons,202021,Wake Forest
Danny Sprinkle,Washington Huskies,202425,Washington
David Riley,Washington State Cougars,202425,Washington State
Eric Duft,Weber State Wildcats,202223,Weber State
Dave Moore,West Georgia Wolves,201819,West Georgia
Ross Hodge,West Virginia Mountaineers,202526,West Virginia
Tim Craft,Western Carolina Catamounts,202425,Western Carolina
Chad Boudreau,Western Illinois Leathernecks,202324,Western Illinois
Hank Plona,Western Kentucky Hilltoppers,202425,Western Kentucky
Dwayne Stephens,Western Michigan Broncos,202223,Western Michigan
Paul Mills,Wichita State Shockers,202324,Wichita State
Brian Earl,William & Mary Tribe,202425,William & Mary
Mark Prosser,Winthrop Eagles,202122,Winthrop
Greg Gard,Wisconsin Badgers,201516,Wisconsin
Kevin Giltner,Wofford Terriers,202526,Wofford
Clint Sargent,Wright State Raiders,202425,Wright State
Sundance Wicks,Wyoming Cowboys,202425,Wyoming
Richard Pitino,Xavier Musketeers,202526,Xavier
James Jones,Yale Bulldogs,199900,Yale
Ethan Faulkner,Youngstown State Penguins,202425,Youngstown State
